{"stats":{"minecraft:used":{"minecraft:firework_rocket":1},"minecraft:picked_up":{"minecraft:firework_rocket":63,"minecraft:player_head":2},"minecraft:custom":{"minecraft:time_since_rest":8539,"minecraft:sprint_one_cm":21998,"minecraft:play_time":8539,"minecraft:walk_one_cm":10029,"minecraft:drop":27,"minecraft:aviate_one_cm":22865,"minecraft:jump":144,"minecraft:leave_game":4,"minecraft:time_since_death":8539,"minecraft:total_world_time":8539,"minecraft:fall_one_cm":13334,"minecraft:fly_one_cm":44827},"minecraft:dropped":{"minecraft:golden_sword":2,"minecraft:leather_leggings":2,"minecraft:cobweb":128,"minecraft:enchanted_golden_apple":16,"minecraft:player_head":2,"minecraft:diamond_pickaxe":2,"minecraft:totem_of_undying":2,"minecraft:elytra":2,"minecraft:splash_potion":2,"minecraft:leather_boots":2,"minecraft:golden_apple":128,"minecraft:lime_wool":128,"minecraft:firework_rocket":127}},"DataVersion":3465}