{"stats":{"minecraft:picked_up":{"minecraft:cooked_beef":32,"minecraft:leather_boots":1,"minecraft:stone_sword":1,"minecraft:leather_leggings":2,"minecraft:pink_glazed_terracotta":28,"minecraft:shears":1,"minecraft:diamond_axe":2,"minecraft:golden_apple":5,"minecraft:player_head":114,"minecraft:totem_of_undying":3,"minecraft:golden_sword":1,"minecraft:enchanted_golden_apple":5,"minecraft:netherite_pickaxe":1,"minecraft:elytra":3},"minecraft:mined":{"minecraft:diamond_block":793,"minecraft:pink_glazed_terracotta":1969,"minecraft:emerald_block":1488},"minecraft:used":{"minecraft:firework_rocket":37,"minecraft:netherite_pickaxe":4250},"minecraft:dropped":{"minecraft:leather_leggings":2,"minecraft:diamond_axe":3,"minecraft:player_head":493,"minecraft:stone_sword":2,"minecraft:diamond_pickaxe":1,"minecraft:elytra":3,"minecraft:totem_of_undying":1,"minecraft:pink_glazed_terracotta":77,"minecraft:leather_boots":1,"minecraft:firework_rocket":21},"minecraft:custom":{"minecraft:time_since_rest":60899,"minecraft:sprint_one_cm":155271,"minecraft:crouch_one_cm":42,"minecraft:play_time":60899,"minecraft:open_enderchest":4,"minecraft:walk_one_cm":110295,"minecraft:sneak_time":79,"minecraft:drop":29,"minecraft:aviate_one_cm":576454,"minecraft:jump":157,"minecraft:damage_dealt":2,"minecraft:leave_game":7,"minecraft:time_since_death":60899,"minecraft:total_world_time":60899,"minecraft:fall_one_cm":42347,"minecraft:fly_one_cm":44532}},"DataVersion":3465}