{"stats":{"minecraft:custom":{"minecraft:leave_game":20,"minecraft:time_since_death":38271,"minecraft:damage_resisted":201076,"minecraft:time_since_rest":38299,"minecraft:damage_absorbed":45658,"minecraft:sprint_one_cm":1079352,"minecraft:open_enderchest":16,"minecraft:damage_taken":194781,"minecraft:walk_one_cm":603250,"minecraft:drop":131,"minecraft:damage_dealt":133160,"minecraft:interact_with_beacon":10,"minecraft:damage_dealt_absorbed":38745,"minecraft:player_kills":1,"minecraft:fly_one_cm":2425834,"minecraft:crouch_one_cm":4422,"minecraft:play_time":597847,"minecraft:deaths":11,"minecraft:sneak_time":5484,"minecraft:aviate_one_cm":4567251,"minecraft:jump":3946,"minecraft:walk_on_water_one_cm":6629,"minecraft:total_world_time":597847,"minecraft:fall_one_cm":279156},"minecraft:picked_up":{"minecraft:yellow_shulker_box":1,"minecraft:barrier":1,"minecraft:splash_potion":71,"minecraft:leather_leggings":7,"minecraft:beacon":17,"minecraft:string":32,"minecraft:elytra":8,"minecraft:leather_boots":8,"minecraft:cobweb":359,"minecraft:player_head":883,"minecraft:enchanted_golden_apple":115,"minecraft:cyan_concrete":1,"minecraft:iron_sword":8,"minecraft:lime_shulker_box":3,"minecraft:lime_wool":58,"minecraft:netherite_pickaxe":3,"minecraft:brown_carpet":120,"minecraft:firework_rocket":1033,"minecraft:pink_glazed_terracotta":12,"minecraft:shears":4,"minecraft:diamond_axe":1,"minecraft:golden_apple":501,"minecraft:totem_of_undying":464,"minecraft:blaze_rod":1,"minecraft:diamond_pickaxe":1},"minecraft:dropped":{"minecraft:iron_sword":7,"minecraft:netherite_pickaxe":1,"minecraft:player_head":269,"minecraft:cyan_glazed_terracotta":62,"minecraft:purple_glazed_terracotta":143,"minecraft:enchanted_golden_apple":82,"minecraft:totem_of_undying":294,"minecraft:elytra":5,"minecraft:golden_apple":192,"minecraft:cobweb":176,"minecraft:lime_glazed_terracotta":151,"minecraft:leather_boots":7,"minecraft:snowball":16,"minecraft:leather_leggings":5,"minecraft:brown_carpet":60,"minecraft:beacon":90,"minecraft:splash_potion":4,"minecraft:firework_rocket":216},"minecraft:killed_by":{"minecraft:player":11},"minecraft:mined":{"minecraft:purple_glazed_terracotta":126,"minecraft:gray_concrete":3,"minecraft:beacon":5,"minecraft:lime_wool":6,"minecraft:lime_glazed_terracotta":153,"minecraft:purple_concrete":1,"minecraft:gold_block":1,"minecraft:cyan_concrete":2,"minecraft:cobweb":23},"minecraft:used":{"minecraft:red_concrete":16,"minecraft:blackstone_stairs":2,"minecraft:lime_wool":74,"minecraft:elytra":2,"minecraft:blue_wool":70,"minecraft:ender_pearl":4,"minecraft:purple_glazed_terracotta":4,"minecraft:iron_sword":1964,"minecraft:beacon":49,"minecraft:mangrove_fence":9,"minecraft:gilded_blackstone":2,"minecraft:golden_apple":20,"minecraft:pink_candle":1,"minecraft:lime_terracotta":1,"minecraft:yellow_terracotta":70,"minecraft:jungle_slab":27,"minecraft:yellow_concrete":50,"minecraft:gray_concrete":28,"minecraft:blue_concrete":287,"minecraft:snowball":31,"minecraft:cyan_stained_glass":1,"minecraft:cyan_terracotta":2,"minecraft:black_wool":7,"minecraft:firework_rocket":767,"minecraft:red_wool":22,"minecraft:light_gray_concrete":17,"minecraft:yellow_stained_glass":14,"minecraft:warped_fence":5,"minecraft:cyan_concrete":96,"minecraft:totem_of_undying":162,"minecraft:pink_wool":7,"minecraft:yellow_wool":6,"minecraft:light_gray_wool":4,"minecraft:coal_block":1,"minecraft:purple_concrete":5,"minecraft:netherite_pickaxe":286,"minecraft:gold_block":17,"minecraft:end_portal_frame":12,"minecraft:white_concrete":1,"minecraft:gray_wool":7,"minecraft:enchanted_golden_apple":256,"minecraft:splash_potion":21,"minecraft:cobweb":537,"minecraft:lime_glazed_terracotta":4}},"DataVersion":3465}