{"stats":{"minecraft:broken":{"minecraft:leather_boots":1,"minecraft:leather_leggings":1},"minecraft:killed_by":{"minecraft:player":8},"minecraft:used":{"minecraft:trident":26,"minecraft:black_concrete":53,"minecraft:firework_rocket":374,"minecraft:string":1,"minecraft:lime_wool":1,"minecraft:iron_sword":94,"minecraft:diamond_axe":27,"minecraft:totem_of_undying":8,"minecraft:golden_apple":7,"minecraft:golden_sword":101,"minecraft:lime_terracotta":1,"minecraft:anvil":1,"minecraft:gray_glazed_terracotta":9,"minecraft:cyan_glazed_terracotta":9,"minecraft:cobblestone_wall":1,"minecraft:netherite_pickaxe":836,"minecraft:gray_wool":1,"minecraft:shears":12,"minecraft:blue_concrete":2,"minecraft:enchanted_golden_apple":59,"minecraft:splash_potion":15,"minecraft:cobweb":22},"minecraft:picked_up":{"minecraft:cooked_beef":16,"minecraft:gray_glazed_terracotta":320,"minecraft:leather_leggings":7,"minecraft:brown_mushroom":2,"minecraft:enchanted_book":1,"minecraft:golden_sword":1,"minecraft:dead_bush":2,"minecraft:cornflower":2,"minecraft:string":1,"minecraft:elytra":8,"minecraft:leather_boots":7,"minecraft:firework_rocket":532,"minecraft:tube_coral":1,"minecraft:shears":1,"minecraft:blue_dye":1,"minecraft:diamond_axe":1,"minecraft:cobweb":67,"minecraft:golden_apple":32,"minecraft:player_head":60,"minecraft:enchanted_golden_apple":5,"minecraft:diamond_pickaxe":4},"minecraft:custom":{"minecraft:time_since_rest":66108,"minecraft:damage_taken":34220,"minecraft:walk_one_cm":452453,"minecraft:sprint_one_cm":758897,"minecraft:open_enderchest":2,"minecraft:damage_absorbed":8149,"minecraft:trigger_trapped_chest":11,"minecraft:interact_with_anvil":1,"minecraft:drop":56,"minecraft:damage_dealt":17553,"minecraft:interact_with_beacon":1,"minecraft:damage_dealt_absorbed":4720,"minecraft:fly_one_cm":3316922,"minecraft:player_kills":1,"minecraft:open_chest":6,"minecraft:crouch_one_cm":4138,"minecraft:play_time":613723,"minecraft:deaths":10,"minecraft:sneak_time":3539,"minecraft:aviate_one_cm":4031276,"minecraft:jump":2888,"minecraft:leave_game":27,"minecraft:walk_on_water_one_cm":492,"minecraft:time_since_death":66091,"minecraft:total_world_time":613723,"minecraft:damage_resisted":39678,"minecraft:fall_one_cm":208869},"minecraft:mined":{"minecraft:purple_wool":1,"minecraft:cyan_glazed_terracotta":812,"minecraft:gray_glazed_terracotta":8,"minecraft:lime_terracotta":1,"minecraft:cobweb":11,"minecraft:emerald_block":15},"minecraft:dropped":{"minecraft:enchanted_book":1,"minecraft:blue_dye":2,"minecraft:sea_pickle":1,"minecraft:diamond_axe":1,"minecraft:player_head":46,"minecraft:green_dye":1,"minecraft:cornflower":3,"minecraft:diamond_pickaxe":2,"minecraft:leather_boots":4,"minecraft:leather_leggings":5,"minecraft:enchanted_golden_apple":32,"minecraft:tube_coral":1,"minecraft:totem_of_undying":2,"minecraft:tripwire_hook":4,"minecraft:elytra":5,"minecraft:golden_apple":80,"minecraft:firework_rocket":608}},"DataVersion":3465}