{"stats":{"minecraft:picked_up":{"minecraft:shears":1,"minecraft:player_head":1,"minecraft:diamond_pickaxe":2},"minecraft:custom":{"minecraft:time_since_rest":76017,"minecraft:crouch_one_cm":1484,"minecraft:play_time":76017,"minecraft:sprint_one_cm":66927,"minecraft:walk_one_cm":130974,"minecraft:sneak_time":19230,"minecraft:drop":5,"minecraft:aviate_one_cm":408596,"minecraft:jump":254,"minecraft:leave_game":5,"minecraft:walk_on_water_one_cm":192,"minecraft:time_since_death":76017,"minecraft:total_world_time":76017,"minecraft:fall_one_cm":6866,"minecraft:fly_one_cm":238522},"minecraft:dropped":{"minecraft:player_head":32,"minecraft:diamond_pickaxe":2,"minecraft:shears":1,"minecraft:firework_rocket":58},"minecraft:mined":{"minecraft:cobweb":1,"minecraft:pink_glazed_terracotta":999,"minecraft:emerald_block":645},"minecraft:used":{"minecraft:golden_apple":1,"minecraft:diamond_pickaxe":1644,"minecraft:firework_rocket":41,"minecraft:shears":1,"minecraft:cobweb":1}},"DataVersion":3465}