{"stats":{"minecraft:picked_up":{"minecraft:diamond_axe":10,"minecraft:firework_rocket":208,"minecraft:cooked_beef":208},"minecraft:used":{"minecraft:firework_rocket":6},"minecraft:dropped":{"minecraft:diamond_axe":5,"minecraft:cooked_beef":64},"minecraft:custom":{"minecraft:jump":106,"minecraft:time_since_rest":5195,"minecraft:leave_game":1,"minecraft:open_enderchest":2,"minecraft:crouch_one_cm":153,"minecraft:sprint_one_cm":15408,"minecraft:play_time":5195,"minecraft:time_since_death":5195,"minecraft:walk_one_cm":14241,"minecraft:sneak_time":45,"minecraft:total_world_time":5195,"minecraft:drop":6,"minecraft:fall_one_cm":2662,"minecraft:fly_one_cm":25798,"minecraft:aviate_one_cm":12324}},"DataVersion":3465}