{"stats":{"minecraft:picked_up":{"minecraft:cobweb":91},"minecraft:custom":{"minecraft:jump":67,"minecraft:time_since_rest":42863,"minecraft:leave_game":1,"minecraft:crouch_one_cm":310,"minecraft:walk_on_water_one_cm":16398,"minecraft:sprint_one_cm":14259,"minecraft:play_time":42863,"minecraft:open_enderchest":2,"minecraft:time_since_death":42863,"minecraft:walk_one_cm":7476,"minecraft:sneak_time":173,"minecraft:total_world_time":42863,"minecraft:fall_one_cm":2356,"minecraft:fly_one_cm":21629,"minecraft:aviate_one_cm":25364},"minecraft:used":{"minecraft:firework_rocket":1}},"DataVersion":3465}