{"stats":{"minecraft:used":{"minecraft:firework_rocket":32},"minecraft:picked_up":{"minecraft:leather_boots":2,"minecraft:leather_leggings":3,"minecraft:diamond_sword":2,"minecraft:player_head":2,"minecraft:golden_sword":1,"minecraft:elytra":3,"minecraft:diamond_pickaxe":2},"minecraft:custom":{"minecraft:time_since_rest":24558,"minecraft:play_time":24558,"minecraft:sprint_one_cm":37559,"minecraft:walk_one_cm":10098,"minecraft:sneak_time":8,"minecraft:drop":5,"minecraft:aviate_one_cm":102446,"minecraft:jump":122,"minecraft:leave_game":4,"minecraft:walk_on_water_one_cm":438,"minecraft:time_since_death":24558,"minecraft:total_world_time":24558,"minecraft:fall_one_cm":6035,"minecraft:fly_one_cm":24006},"minecraft:mined":{"minecraft:oak_wood":4},"minecraft:dropped":{"minecraft:leather_leggings":1,"minecraft:diamond_sword":1,"minecraft:diamond_axe":1,"minecraft:elytra":2}},"DataVersion":3465}