{"stats":{"minecraft:used":{"minecraft:firework_rocket":1},"minecraft:picked_up":{"minecraft:yellow_shulker_box":1,"minecraft:leather_boots":1,"minecraft:stone_sword":1,"minecraft:diamond_axe":2,"minecraft:player_head":1,"minecraft:diamond_pickaxe":1},"minecraft:custom":{"minecraft:time_since_rest":67666,"minecraft:play_time":67666,"minecraft:sprint_one_cm":171399,"minecraft:open_enderchest":1,"minecraft:walk_one_cm":40533,"minecraft:drop":6,"minecraft:aviate_one_cm":13629,"minecraft:jump":795,"minecraft:leave_game":3,"minecraft:walk_on_water_one_cm":1215,"minecraft:time_since_death":67666,"minecraft:total_world_time":67666,"minecraft:fall_one_cm":28940,"minecraft:fly_one_cm":250159},"minecraft:dropped":{"minecraft:cobweb":32,"minecraft:diamond_axe":1,"minecraft:player_head":1,"minecraft:stone_sword":1,"minecraft:diamond_pickaxe":1,"minecraft:leather_boots":1}},"DataVersion":3465}