{"stats":{"minecraft:picked_up":{"minecraft:lime_wool":64,"minecraft:splash_potion":1,"minecraft:leather_leggings":1,"minecraft:yellow_glazed_terracotta":20,"minecraft:golden_sword":1,"minecraft:elytra":1,"minecraft:leather_boots":1,"minecraft:firework_rocket":64,"minecraft:player_head":15,"minecraft:cobweb":64,"minecraft:golden_apple":96,"minecraft:totem_of_undying":1,"minecraft:enchanted_golden_apple":16,"minecraft:diamond_pickaxe":1},"minecraft:custom":{"minecraft:time_since_rest":70204,"minecraft:damage_absorbed":160,"minecraft:sprint_one_cm":224109,"minecraft:damage_taken":1066,"minecraft:walk_one_cm":480164,"minecraft:drop":3,"minecraft:damage_dealt":289,"minecraft:damage_dealt_absorbed":615,"minecraft:fly_one_cm":404363,"minecraft:crouch_one_cm":6106,"minecraft:play_time":96343,"minecraft:deaths":2,"minecraft:sneak_time":2245,"minecraft:walk_under_water_one_cm":169,"minecraft:aviate_one_cm":2334957,"minecraft:jump":1258,"minecraft:leave_game":11,"minecraft:walk_on_water_one_cm":1153,"minecraft:time_since_death":70203,"minecraft:total_world_time":96343,"minecraft:damage_resisted":228,"minecraft:fall_one_cm":111318},"minecraft:dropped":{"minecraft:yellow_glazed_terracotta":20,"minecraft:elytra":1,"minecraft:shears":1},"minecraft:killed_by":{"minecraft:player":2},"minecraft:used":{"minecraft:diamond_pickaxe":1238,"minecraft:firework_rocket":162,"minecraft:diamond_axe":30,"minecraft:golden_apple":3,"minecraft:golden_sword":33,"minecraft:netherite_pickaxe":6450,"minecraft:enchanted_golden_apple":1,"minecraft:cobweb":8},"minecraft:mined":{"minecraft:cyan_glazed_terracotta":2288,"minecraft:yellow_glazed_terracotta":1959,"minecraft:white_glazed_terracotta":1620,"minecraft:oak_wood":30,"minecraft:green_glazed_terracotta":612,"minecraft:red_glazed_terracotta":96,"minecraft:pink_glazed_terracotta":530,"minecraft:emerald_block":583}},"DataVersion":3465}