{"stats":{"minecraft:picked_up":{"minecraft:yellow_shulker_box":1,"minecraft:cooked_beef":48,"minecraft:purple_wool":1,"minecraft:splash_potion":27,"minecraft:light_gray_shulker_box":2,"minecraft:tripwire_hook":1,"minecraft:leather_leggings":12,"minecraft:diamond_sword":1,"minecraft:beacon":35,"minecraft:yellow_glazed_terracotta":21,"minecraft:golden_sword":8,"minecraft:string":52,"minecraft:elytra":18,"minecraft:leather_boots":15,"minecraft:cobweb":896,"minecraft:player_head":400,"minecraft:enchanted_golden_apple":376,"minecraft:iron_sword":8,"minecraft:lime_glazed_terracotta":143,"minecraft:lime_shulker_box":1,"minecraft:lime_wool":331,"minecraft:white_glazed_terracotta":55,"minecraft:gray_glazed_terracotta":648,"minecraft:light_blue_glazed_terracotta":64,"minecraft:villager_spawn_egg":1,"minecraft:netherite_pickaxe":2,"minecraft:stone_sword":2,"minecraft:firework_rocket":1708,"minecraft:purple_glazed_terracotta":64,"minecraft:shears":5,"minecraft:diamond_axe":3,"minecraft:golden_apple":1104,"minecraft:totem_of_undying":179,"minecraft:diamond_pickaxe":7},"minecraft:custom":{"minecraft:leave_game":22,"minecraft:time_since_death":476674,"minecraft:damage_resisted":89455,"minecraft:time_since_rest":476674,"minecraft:damage_taken":60123,"minecraft:sprint_one_cm":1700841,"minecraft:open_enderchest":33,"minecraft:damage_absorbed":20602,"minecraft:walk_one_cm":1437070,"minecraft:drop":286,"minecraft:damage_dealt":119583,"minecraft:damage_dealt_absorbed":33255,"minecraft:fly_one_cm":1039992,"minecraft:player_kills":16,"minecraft:crouch_one_cm":129649,"minecraft:play_time":476674,"minecraft:sneak_time":22652,"minecraft:walk_under_water_one_cm":3168,"minecraft:aviate_one_cm":26816203,"minecraft:jump":4779,"minecraft:walk_on_water_one_cm":3901,"minecraft:total_world_time":476674,"minecraft:fall_one_cm":1021546},"minecraft:dropped":{"minecraft:red_glazed_terracotta":16,"minecraft:iron_sword":4,"minecraft:light_blue_glazed_terracotta":42,"minecraft:diamond_axe":4,"minecraft:player_head":384,"minecraft:cooked_beef":64,"minecraft:stone_sword":3,"minecraft:cyan_glazed_terracotta":105,"minecraft:purple_glazed_terracotta":1,"minecraft:gray_glazed_terracotta":649,"minecraft:lime_wool":206,"minecraft:brown_glazed_terracotta":63,"minecraft:villager_spawn_egg":1,"minecraft:enchanted_golden_apple":148,"minecraft:cyan_shulker_box":1,"minecraft:totem_of_undying":114,"minecraft:elytra":13,"minecraft:shears":2,"minecraft:golden_apple":553,"minecraft:orange_glazed_terracotta":5,"minecraft:cobweb":295,"minecraft:lime_glazed_terracotta":952,"minecraft:oak_wood":4,"minecraft:diamond_pickaxe":4,"minecraft:yellow_glazed_terracotta":102,"minecraft:leather_boots":9,"minecraft:yellow_shulker_box":1,"minecraft:golden_sword":5,"minecraft:leather_leggings":4,"minecraft:green_glazed_terracotta":24,"minecraft:blue_glazed_terracotta":42,"minecraft:beacon":3,"minecraft:purple_wool":1,"minecraft:string":35,"minecraft:tripwire_hook":2,"minecraft:pink_glazed_terracotta":37,"minecraft:splash_potion":14,"minecraft:white_glazed_terracotta":33,"minecraft:firework_rocket":1407},"minecraft:used":{"minecraft:lime_wool":83,"minecraft:iron_sword":1780,"minecraft:beacon":2,"minecraft:diamond_axe":28,"minecraft:golden_apple":81,"minecraft:shears":220,"minecraft:diamond_pickaxe":15566,"minecraft:firework_rocket":2741,"minecraft:totem_of_undying":9,"minecraft:golden_sword":92,"minecraft:diamond_sword":76,"minecraft:netherite_pickaxe":3290,"minecraft:enchanted_golden_apple":143,"minecraft:splash_potion":105,"minecraft:cobweb":801},"minecraft:mined":{"minecraft:purple_glazed_terracotta":2090,"minecraft:dark_prismarine":1620,"minecraft:cyan_glazed_terracotta":1620,"minecraft:gray_glazed_terracotta":839,"minecraft:oak_wood":28,"minecraft:beacon":91,"minecraft:light_blue_glazed_terracotta":1215,"minecraft:lime_wool":40,"minecraft:red_glazed_terracotta":108,"minecraft:lime_glazed_terracotta":2110,"minecraft:diamond_block":1356,"minecraft:yellow_glazed_terracotta":1131,"minecraft:white_glazed_terracotta":1734,"minecraft:brown_glazed_terracotta":1215,"minecraft:green_glazed_terracotta":312,"minecraft:cobweb":184,"minecraft:blue_glazed_terracotta":746,"minecraft:pink_glazed_terracotta":766,"minecraft:emerald_block":1125,"minecraft:orange_glazed_terracotta":869}},"DataVersion":3465}