{"stats":{"minecraft:custom":{"minecraft:leave_game":13,"minecraft:time_since_death":533591,"minecraft:damage_resisted":69746,"minecraft:time_since_rest":533591,"minecraft:damage_absorbed":12836,"minecraft:sprint_one_cm":974524,"minecraft:open_enderchest":118,"minecraft:damage_taken":52730,"minecraft:walk_one_cm":2269237,"minecraft:drop":79,"minecraft:damage_dealt":55973,"minecraft:damage_dealt_absorbed":17892,"minecraft:fly_one_cm":609256,"minecraft:player_kills":3,"minecraft:crouch_one_cm":9194,"minecraft:play_time":533591,"minecraft:sneak_time":3221,"minecraft:walk_under_water_one_cm":177,"minecraft:aviate_one_cm":16883974,"minecraft:jump":3726,"minecraft:walk_on_water_one_cm":966,"minecraft:total_world_time":533591,"minecraft:fall_one_cm":686299},"minecraft:picked_up":{"minecraft:splash_potion":4,"minecraft:leather_leggings":6,"minecraft:red_glazed_terracotta":4,"minecraft:diamond_sword":2,"minecraft:beacon":14,"minecraft:yellow_glazed_terracotta":25,"minecraft:golden_sword":3,"minecraft:elytra":7,"minecraft:leather_boots":7,"minecraft:cobweb":366,"minecraft:player_head":195,"minecraft:enchanted_golden_apple":156,"minecraft:iron_sword":1,"minecraft:lime_glazed_terracotta":822,"minecraft:lime_shulker_box":1,"minecraft:lime_wool":423,"minecraft:green_glazed_terracotta":5,"minecraft:cyan_glazed_terracotta":151,"minecraft:light_blue_glazed_terracotta":50,"minecraft:netherite_pickaxe":3,"minecraft:dark_prismarine":3,"minecraft:firework_rocket":659,"minecraft:purple_glazed_terracotta":49,"minecraft:shears":4,"minecraft:golden_apple":526,"minecraft:totem_of_undying":18,"minecraft:blaze_rod":2,"minecraft:diamond_pickaxe":4},"minecraft:dropped":{"minecraft:red_glazed_terracotta":8,"minecraft:diamond_axe":1,"minecraft:player_head":76,"minecraft:cooked_beef":16,"minecraft:stone_sword":1,"minecraft:blaze_rod":2,"minecraft:lime_wool":298,"minecraft:enchanted_golden_apple":22,"minecraft:totem_of_undying":6,"minecraft:elytra":4,"minecraft:shears":2,"minecraft:golden_apple":64,"minecraft:cobweb":7,"minecraft:lime_glazed_terracotta":242,"minecraft:oak_wood":20,"minecraft:diamond_pickaxe":4,"minecraft:yellow_glazed_terracotta":10,"minecraft:leather_boots":4,"minecraft:golden_sword":2,"minecraft:leather_leggings":3,"minecraft:green_glazed_terracotta":10,"minecraft:string":19,"minecraft:pink_glazed_terracotta":18,"minecraft:white_glazed_terracotta":42,"minecraft:firework_rocket":301},"minecraft:mined":{"minecraft:purple_glazed_terracotta":8579,"minecraft:dark_prismarine":6281,"minecraft:cyan_glazed_terracotta":2736,"minecraft:oak_wood":236,"minecraft:beacon":194,"minecraft:light_blue_glazed_terracotta":6161,"minecraft:lime_wool":11,"minecraft:red_glazed_terracotta":65,"minecraft:lime_glazed_terracotta":10823,"minecraft:yellow_glazed_terracotta":1418,"minecraft:white_glazed_terracotta":810,"minecraft:green_glazed_terracotta":373,"minecraft:cobweb":46},"minecraft:used":{"minecraft:lime_wool":10,"minecraft:iron_sword":705,"minecraft:diamond_axe":236,"minecraft:golden_apple":34,"minecraft:shears":27,"minecraft:diamond_pickaxe":2855,"minecraft:firework_rocket":970,"minecraft:totem_of_undying":6,"minecraft:diamond_sword":185,"minecraft:netherite_pickaxe":34609,"minecraft:enchanted_golden_apple":89,"minecraft:splash_potion":26,"minecraft:cobweb":179}},"DataVersion":3465}