{"stats":{"minecraft:picked_up":{"minecraft:cooked_beef":16,"minecraft:tripwire_hook":7,"minecraft:leather_leggings":4,"minecraft:villager_spawn_egg":2,"minecraft:elytra":5,"minecraft:name_tag":7,"minecraft:orange_glazed_terracotta":5,"minecraft:leather_boots":3,"minecraft:firework_rocket":249,"minecraft:stone_sword":2,"minecraft:diamond_axe":1,"minecraft:golden_apple":119,"minecraft:player_head":10,"minecraft:totem_of_undying":5,"minecraft:enchanted_golden_apple":12,"minecraft:iron_sword":5},"minecraft:custom":{"minecraft:time_since_rest":8593,"minecraft:walk_one_cm":134199,"minecraft:damage_taken":14222,"minecraft:sprint_one_cm":125517,"minecraft:open_enderchest":1,"minecraft:damage_absorbed":3764,"minecraft:trigger_trapped_chest":1,"minecraft:drop":34,"minecraft:damage_dealt":7519,"minecraft:damage_dealt_absorbed":1765,"minecraft:fly_one_cm":226327,"minecraft:open_chest":1,"minecraft:crouch_one_cm":3325,"minecraft:play_time":176236,"minecraft:deaths":4,"minecraft:sneak_time":1654,"minecraft:aviate_one_cm":1287714,"minecraft:jump":699,"minecraft:leave_game":17,"minecraft:time_since_death":8563,"minecraft:total_world_time":176236,"minecraft:damage_resisted":19703,"minecraft:fall_one_cm":60853},"minecraft:dropped":{"minecraft:iron_sword":4,"minecraft:player_head":5,"minecraft:stone_sword":2,"minecraft:leather_boots":2,"minecraft:leather_leggings":3,"minecraft:villager_spawn_egg":1,"minecraft:tripwire_hook":23,"minecraft:elytra":3,"minecraft:firework_rocket":1},"minecraft:killed_by":{"minecraft:player":4},"minecraft:used":{"minecraft:leather_leggings":2,"minecraft:firework_rocket":88,"minecraft:light_gray_concrete":1,"minecraft:elytra":2,"minecraft:blue_wool":2,"minecraft:iron_sword":94,"minecraft:totem_of_undying":3,"minecraft:leather_boots":2,"minecraft:golden_sword":28,"minecraft:golden_apple":7,"minecraft:purple_concrete":1,"minecraft:yellow_terracotta":1,"minecraft:blue_concrete":4,"minecraft:enchanted_golden_apple":26},"minecraft:mined":{"minecraft:cobweb":4}},"DataVersion":3465}