{"stats":{"minecraft:picked_up":{"minecraft:lime_wool":92,"minecraft:white_glazed_terracotta":31,"minecraft:splash_potion":4,"minecraft:purple_wool":1,"minecraft:leather_leggings":5,"minecraft:beacon":33,"minecraft:yellow_glazed_terracotta":160,"minecraft:netherite_pickaxe":1,"minecraft:string":23,"minecraft:elytra":7,"minecraft:leather_boots":5,"minecraft:firework_rocket":657,"minecraft:shears":4,"minecraft:cobweb":268,"minecraft:golden_apple":242,"minecraft:player_head":279,"minecraft:totem_of_undying":43,"minecraft:enchanted_golden_apple":225,"minecraft:iron_sword":6,"minecraft:lime_glazed_terracotta":661,"minecraft:diamond_pickaxe":2},"minecraft:custom":{"minecraft:time_since_rest":14735,"minecraft:damage_taken":93335,"minecraft:walk_one_cm":1399494,"minecraft:sprint_one_cm":1208922,"minecraft:open_enderchest":102,"minecraft:damage_absorbed":31987,"minecraft:drop":171,"minecraft:damage_dealt":96980,"minecraft:damage_dealt_absorbed":27605,"minecraft:fly_one_cm":704171,"minecraft:player_kills":7,"minecraft:crouch_one_cm":15496,"minecraft:play_time":357452,"minecraft:deaths":2,"minecraft:sneak_time":3362,"minecraft:aviate_one_cm":12118619,"minecraft:jump":3519,"minecraft:leave_game":4,"minecraft:time_since_death":14714,"minecraft:total_world_time":357452,"minecraft:damage_resisted":151058,"minecraft:fall_one_cm":628370},"minecraft:dropped":{"minecraft:cobweb":174,"minecraft:iron_sword":4,"minecraft:netherite_pickaxe":1,"minecraft:lime_glazed_terracotta":746,"minecraft:diamond_axe":1,"minecraft:player_head":225,"minecraft:cooked_beef":16,"minecraft:diamond_pickaxe":2,"minecraft:gray_glazed_terracotta":33,"minecraft:yellow_glazed_terracotta":283,"minecraft:leather_boots":2,"minecraft:lime_wool":93,"minecraft:leather_leggings":2,"minecraft:enchanted_golden_apple":185,"minecraft:purple_wool":1,"minecraft:white_glazed_terracotta":101,"minecraft:pink_glazed_terracotta":17,"minecraft:string":13,"minecraft:totem_of_undying":48,"minecraft:elytra":5,"minecraft:shears":4,"minecraft:splash_potion":10,"minecraft:golden_apple":208,"minecraft:firework_rocket":513},"minecraft:killed_by":{"minecraft:player":2},"minecraft:mined":{"minecraft:purple_glazed_terracotta":810,"minecraft:lime_glazed_terracotta":2835,"minecraft:cyan_glazed_terracotta":2236,"minecraft:gray_glazed_terracotta":3233,"minecraft:yellow_glazed_terracotta":3131,"minecraft:white_glazed_terracotta":2981,"minecraft:beacon":35,"minecraft:cobweb":48,"minecraft:lime_wool":1,"minecraft:pink_glazed_terracotta":2321,"minecraft:emerald_block":2316},"minecraft:used":{"minecraft:diamond_pickaxe":12903,"minecraft:leather_leggings":1,"minecraft:firework_rocket":1238,"minecraft:elytra":1,"minecraft:iron_sword":1141,"minecraft:totem_of_undying":11,"minecraft:leather_boots":1,"minecraft:golden_apple":48,"minecraft:golden_sword":616,"minecraft:netherite_pickaxe":6962,"minecraft:shears":48,"minecraft:splash_potion":45,"minecraft:enchanted_golden_apple":261,"minecraft:cobweb":270}},"DataVersion":3465}