{"stats":{"minecraft:picked_up":{"minecraft:diamond_axe":1,"minecraft:totem_of_undying":9,"minecraft:elytra":1},"minecraft:custom":{"minecraft:time_since_rest":16880,"minecraft:damage_taken":2410,"minecraft:crouch_one_cm":3285,"minecraft:play_time":16880,"minecraft:sprint_one_cm":50979,"minecraft:open_enderchest":2,"minecraft:damage_absorbed":360,"minecraft:walk_one_cm":56551,"minecraft:sneak_time":1115,"minecraft:drop":11,"minecraft:aviate_one_cm":474994,"minecraft:jump":252,"minecraft:damage_dealt":465,"minecraft:leave_game":2,"minecraft:walk_on_water_one_cm":57,"minecraft:time_since_death":16880,"minecraft:total_world_time":16880,"minecraft:damage_dealt_absorbed":112,"minecraft:fall_one_cm":19043,"minecraft:fly_one_cm":52390},"minecraft:dropped":{"minecraft:diamond_axe":2,"minecraft:cooked_beef":16,"minecraft:totem_of_undying":6,"minecraft:elytra":2},"minecraft:mined":{"minecraft:oak_wood":14,"minecraft:pink_glazed_terracotta":784},"minecraft:used":{"minecraft:golden_apple":20,"minecraft:golden_sword":29,"minecraft:diamond_pickaxe":784,"minecraft:firework_rocket":45,"minecraft:diamond_axe":14}},"DataVersion":3465}