{"stats":{"minecraft:custom":{"minecraft:jump":116,"minecraft:time_since_rest":46527,"minecraft:damage_taken":70,"minecraft:crouch_one_cm":2472,"minecraft:leave_game":11,"minecraft:sprint_one_cm":9997,"minecraft:play_time":48522,"minecraft:open_enderchest":1,"minecraft:time_since_death":48522,"minecraft:walk_one_cm":5758,"minecraft:sleep_in_bed":1,"minecraft:sneak_time":1285,"minecraft:total_world_time":48522,"minecraft:fall_one_cm":2420,"minecraft:fly_one_cm":345421},"minecraft:used":{"minecraft:drowned_spawn_egg":6,"minecraft:oak_leaves":9,"minecraft:spruce_leaves":1,"minecraft:white_bed":1,"minecraft:stone":27,"minecraft:stone_bricks":1,"minecraft:bedrock":10}},"DataVersion":3337}