{"stats":{"minecraft:custom":{"minecraft:leave_game":7,"minecraft:time_since_death":356492,"minecraft:damage_resisted":21975,"minecraft:time_since_rest":356492,"minecraft:damage_absorbed":5057,"minecraft:sprint_one_cm":1760715,"minecraft:open_enderchest":65,"minecraft:damage_taken":15856,"minecraft:walk_one_cm":758485,"minecraft:drop":146,"minecraft:damage_dealt":22276,"minecraft:damage_dealt_absorbed":5606,"minecraft:fly_one_cm":592533,"minecraft:player_kills":2,"minecraft:crouch_one_cm":143951,"minecraft:play_time":356492,"minecraft:sneak_time":35754,"minecraft:aviate_one_cm":17416676,"minecraft:jump":2761,"minecraft:walk_on_water_one_cm":1129,"minecraft:total_world_time":356492,"minecraft:fall_one_cm":564626},"minecraft:picked_up":{"minecraft:yellow_shulker_box":1,"minecraft:splash_potion":1,"minecraft:tripwire_hook":30,"minecraft:leather_leggings":2,"minecraft:yellow_glazed_terracotta":22,"minecraft:golden_sword":3,"minecraft:string":11,"minecraft:elytra":1,"minecraft:leather_boots":2,"minecraft:orange_glazed_terracotta":5,"minecraft:player_head":472,"minecraft:enchanted_golden_apple":23,"minecraft:lime_glazed_terracotta":24,"minecraft:lime_wool":64,"minecraft:white_glazed_terracotta":8,"minecraft:gray_glazed_terracotta":42,"minecraft:light_blue_glazed_terracotta":4,"minecraft:dark_prismarine":85,"minecraft:firework_rocket":548,"minecraft:stone_sword":1,"minecraft:purple_glazed_terracotta":83,"minecraft:golden_apple":110,"minecraft:totem_of_undying":1,"minecraft:diamond_pickaxe":2},"minecraft:dropped":{"minecraft:diamond_axe":1,"minecraft:light_blue_glazed_terracotta":68,"minecraft:player_head":857,"minecraft:cooked_beef":16,"minecraft:stone_sword":1,"minecraft:purple_glazed_terracotta":199,"minecraft:cyan_glazed_terracotta":80,"minecraft:gray_glazed_terracotta":155,"minecraft:lime_wool":69,"minecraft:enchanted_golden_apple":1,"minecraft:elytra":1,"minecraft:golden_apple":237,"minecraft:orange_glazed_terracotta":5,"minecraft:cobweb":75,"minecraft:lime_glazed_terracotta":66,"minecraft:diamond_pickaxe":2,"minecraft:light_gray_shulker_box":6,"minecraft:yellow_glazed_terracotta":300,"minecraft:leather_boots":1,"minecraft:yellow_shulker_box":2,"minecraft:golden_sword":2,"minecraft:leather_leggings":1,"minecraft:string":16,"minecraft:dark_prismarine":129,"minecraft:pink_glazed_terracotta":49,"minecraft:white_glazed_terracotta":39,"minecraft:splash_potion":4,"minecraft:firework_rocket":327},"minecraft:mined":{"minecraft:purple_glazed_terracotta":2676,"minecraft:dark_prismarine":2220,"minecraft:cyan_glazed_terracotta":2768,"minecraft:gray_glazed_terracotta":1649,"minecraft:beacon":60,"minecraft:light_blue_glazed_terracotta":3456,"minecraft:lime_wool":25,"minecraft:lime_glazed_terracotta":4010,"minecraft:yellow_glazed_terracotta":2198,"minecraft:white_glazed_terracotta":2527,"minecraft:cobweb":12,"minecraft:pink_glazed_terracotta":1201,"minecraft:emerald_block":2263},"minecraft:used":{"minecraft:leather_leggings":1,"minecraft:elytra":1,"minecraft:iron_sword":326,"minecraft:leather_boots":1,"minecraft:golden_apple":127,"minecraft:shears":29,"minecraft:diamond_pickaxe":24968,"minecraft:firework_rocket":1411,"minecraft:totem_of_undying":2,"minecraft:enchanted_golden_apple":40,"minecraft:splash_potion":40,"minecraft:cobweb":60}},"DataVersion":3465}