{"stats":{"minecraft:picked_up":{"minecraft:splash_potion":3,"minecraft:light_blue_glazed_terracotta":21,"minecraft:elytra":1,"minecraft:leather_boots":1,"minecraft:firework_rocket":147,"minecraft:purple_glazed_terracotta":8,"minecraft:blue_glazed_terracotta":31,"minecraft:cobweb":50,"minecraft:player_head":253,"minecraft:totem_of_undying":2,"minecraft:enchanted_golden_apple":57},"minecraft:custom":{"minecraft:time_since_rest":218379,"minecraft:damage_absorbed":4617,"minecraft:sprint_one_cm":1106071,"minecraft:open_enderchest":1,"minecraft:damage_taken":25403,"minecraft:walk_one_cm":638500,"minecraft:drop":32,"minecraft:damage_dealt":32090,"minecraft:damage_dealt_absorbed":12792,"minecraft:fly_one_cm":489725,"minecraft:crouch_one_cm":12554,"minecraft:play_time":218379,"minecraft:sneak_time":3301,"minecraft:aviate_one_cm":9838345,"minecraft:jump":1867,"minecraft:leave_game":3,"minecraft:time_since_death":218379,"minecraft:total_world_time":218379,"minecraft:damage_resisted":29964,"minecraft:fall_one_cm":263135},"minecraft:dropped":{"minecraft:light_blue_glazed_terracotta":21,"minecraft:cooked_beef":16,"minecraft:diamond_axe":1,"minecraft:player_head":581,"minecraft:cyan_glazed_terracotta":47,"minecraft:purple_glazed_terracotta":20,"minecraft:lime_wool":64,"minecraft:enchanted_golden_apple":1,"minecraft:blue_glazed_terracotta":31,"minecraft:string":36,"minecraft:dark_prismarine":20,"minecraft:pink_glazed_terracotta":63,"minecraft:elytra":2,"minecraft:firework_rocket":2},"minecraft:mined":{"minecraft:purple_glazed_terracotta":2025,"minecraft:dark_prismarine":1620,"minecraft:lime_glazed_terracotta":2055,"minecraft:cyan_glazed_terracotta":3054,"minecraft:gray_glazed_terracotta":1620,"minecraft:yellow_glazed_terracotta":1620,"minecraft:white_glazed_terracotta":2025,"minecraft:beacon":11,"minecraft:light_blue_glazed_terracotta":2496,"minecraft:cobweb":78,"minecraft:lime_wool":2,"minecraft:blue_glazed_terracotta":351,"minecraft:pink_glazed_terracotta":1215,"minecraft:emerald_block":450},"minecraft:used":{"minecraft:diamond_pickaxe":18539,"minecraft:firework_rocket":620,"minecraft:lime_wool":2,"minecraft:iron_sword":265,"minecraft:golden_apple":56,"minecraft:golden_sword":140,"minecraft:diamond_sword":350,"minecraft:shears":42,"minecraft:enchanted_golden_apple":32,"minecraft:splash_potion":9,"minecraft:cobweb":142}},"DataVersion":3465}