{"stats":{"minecraft:used":{"minecraft:golden_sword":2,"minecraft:diamond_pickaxe":460,"minecraft:firework_rocket":43,"minecraft:diamond_axe":355},"minecraft:picked_up":{"minecraft:elytra":1},"minecraft:custom":{"minecraft:time_since_rest":21651,"minecraft:open_enderchest":6,"minecraft:crouch_one_cm":1374,"minecraft:play_time":21651,"minecraft:sprint_one_cm":137905,"minecraft:damage_taken":455,"minecraft:walk_one_cm":37227,"minecraft:sneak_time":569,"minecraft:drop":20,"minecraft:aviate_one_cm":536762,"minecraft:jump":237,"minecraft:damage_dealt":19,"minecraft:leave_game":3,"minecraft:time_since_death":21651,"minecraft:total_world_time":21651,"minecraft:damage_dealt_absorbed":19,"minecraft:fall_one_cm":25738,"minecraft:fly_one_cm":84562},"minecraft:mined":{"minecraft:purple_glazed_terracotta":2,"minecraft:oak_wood":355,"minecraft:diamond_block":123,"minecraft:pink_glazed_terracotta":42,"minecraft:emerald_block":293},"minecraft:dropped":{"minecraft:leather_leggings":1,"minecraft:diamond_sword":1,"minecraft:diamond_axe":2,"minecraft:player_head":86,"minecraft:oak_wood":309,"minecraft:purple_glazed_terracotta":2,"minecraft:diamond_pickaxe":1,"minecraft:elytra":3,"minecraft:leather_boots":1}},"DataVersion":3465}