{"stats":{"minecraft:used":{"minecraft:leather_leggings":1,"minecraft:iron_axe":17,"minecraft:blackstone_stairs":1,"minecraft:oak_sign":1,"minecraft:trapped_chest":2,"minecraft:cyan_concrete":5,"minecraft:black_concrete_powder":2,"minecraft:blue_concrete":3,"minecraft:enchanted_golden_apple":1,"minecraft:leather_boots":2},"minecraft:crafted":{"minecraft:leather_leggings":1,"minecraft:leather_boots":1},"minecraft:custom":{"minecraft:time_since_rest":37916,"minecraft:open_chest":35,"minecraft:crouch_one_cm":1573,"minecraft:play_time":37916,"minecraft:sprint_one_cm":36528,"minecraft:walk_one_cm":60041,"minecraft:sneak_time":276,"minecraft:trigger_trapped_chest":7,"minecraft:drop":1,"minecraft:aviate_one_cm":8285,"minecraft:jump":133,"minecraft:damage_dealt":1877,"minecraft:leave_game":4,"minecraft:time_since_death":37916,"minecraft:total_world_time":37916,"minecraft:damage_dealt_absorbed":200,"minecraft:fall_one_cm":627,"minecraft:fly_one_cm":598310},"minecraft:dropped":{"minecraft:enchanted_golden_apple":1}},"DataVersion":3465}