{"stats":{"minecraft:custom":{"minecraft:leave_game":23,"minecraft:time_since_death":65335,"minecraft:damage_resisted":49300,"minecraft:time_since_rest":65336,"minecraft:damage_absorbed":13674,"minecraft:sprint_one_cm":779997,"minecraft:open_enderchest":40,"minecraft:damage_taken":32196,"minecraft:walk_one_cm":1718732,"minecraft:drop":188,"minecraft:damage_dealt":25384,"minecraft:damage_dealt_absorbed":6854,"minecraft:fly_one_cm":661384,"minecraft:player_kills":4,"minecraft:crouch_one_cm":119825,"minecraft:play_time":553677,"minecraft:deaths":7,"minecraft:sneak_time":27762,"minecraft:walk_under_water_one_cm":811,"minecraft:aviate_one_cm":17615638,"minecraft:jump":2749,"minecraft:walk_on_water_one_cm":3921,"minecraft:total_world_time":553677,"minecraft:fall_one_cm":595078},"minecraft:picked_up":{"minecraft:yellow_shulker_box":2,"minecraft:cooked_beef":16,"minecraft:splash_potion":14,"minecraft:leather_leggings":11,"minecraft:beacon":65,"minecraft:yellow_glazed_terracotta":102,"minecraft:golden_sword":7,"minecraft:string":11,"minecraft:elytra":12,"minecraft:leather_boots":14,"minecraft:cobweb":621,"minecraft:player_head":348,"minecraft:enchanted_golden_apple":179,"minecraft:iron_sword":5,"minecraft:lime_glazed_terracotta":426,"minecraft:lime_shulker_box":5,"minecraft:lime_wool":214,"minecraft:white_glazed_terracotta":105,"minecraft:gray_glazed_terracotta":340,"minecraft:cyan_glazed_terracotta":1214,"minecraft:netherite_pickaxe":4,"minecraft:brown_carpet":60,"minecraft:stone_sword":1,"minecraft:firework_rocket":886,"minecraft:pink_glazed_terracotta":75,"minecraft:shears":3,"minecraft:diamond_axe":2,"minecraft:golden_apple":440,"minecraft:totem_of_undying":28,"minecraft:diamond_pickaxe":9},"minecraft:dropped":{"minecraft:iron_sword":3,"minecraft:netherite_pickaxe":2,"minecraft:light_blue_glazed_terracotta":28,"minecraft:diamond_axe":13,"minecraft:player_head":752,"minecraft:cooked_beef":160,"minecraft:stone_sword":2,"minecraft:cyan_glazed_terracotta":38,"minecraft:gray_glazed_terracotta":23,"minecraft:lime_shulker_box":6,"minecraft:lime_wool":82,"minecraft:enchanted_golden_apple":70,"minecraft:light_gray_carpet":1,"minecraft:totem_of_undying":19,"minecraft:elytra":16,"minecraft:shears":3,"minecraft:golden_apple":62,"minecraft:cobweb":65,"minecraft:lime_glazed_terracotta":469,"minecraft:diamond_pickaxe":5,"minecraft:yellow_glazed_terracotta":204,"minecraft:leather_boots":7,"minecraft:golden_sword":1,"minecraft:leather_leggings":4,"minecraft:brown_carpet":60,"minecraft:beacon":2,"minecraft:string":16,"minecraft:pink_glazed_terracotta":92,"minecraft:splash_potion":8,"minecraft:white_glazed_terracotta":189,"minecraft:firework_rocket":417},"minecraft:killed_by":{"minecraft:player":5},"minecraft:mined":{"minecraft:light_gray_carpet":1,"minecraft:cyan_glazed_terracotta":5670,"minecraft:gray_glazed_terracotta":4544,"minecraft:beacon":133,"minecraft:light_blue_glazed_terracotta":2478,"minecraft:diamond_block":2302,"minecraft:yellow_glazed_terracotta":3558,"minecraft:white_glazed_terracotta":3645,"minecraft:cobweb":43,"minecraft:pink_glazed_terracotta":4259},"minecraft:used":{"minecraft:leather_leggings":2,"minecraft:lime_wool":4,"minecraft:elytra":1,"minecraft:iron_sword":234,"minecraft:leather_boots":3,"minecraft:golden_apple":32,"minecraft:shears":38,"minecraft:diamond_pickaxe":4554,"minecraft:firework_rocket":982,"minecraft:totem_of_undying":8,"minecraft:golden_sword":62,"minecraft:diamond_sword":114,"minecraft:netherite_pickaxe":21915,"minecraft:enchanted_golden_apple":102,"minecraft:splash_potion":40,"minecraft:cobweb":241}},"DataVersion":3465}