{"stats":{"minecraft:picked_up":{"minecraft:lime_wool":64,"minecraft:leather_boots":1,"minecraft:leather_leggings":1,"minecraft:golden_apple":11,"minecraft:player_head":1,"minecraft:golden_sword":1,"minecraft:elytra":1,"minecraft:diamond_pickaxe":1},"minecraft:killed_by":{"minecraft:player":2},"minecraft:used":{"minecraft:golden_apple":14,"minecraft:golden_sword":122,"minecraft:firework_rocket":61,"minecraft:enchanted_golden_apple":21,"minecraft:splash_potion":1,"minecraft:totem_of_undying":2},"minecraft:dropped":{"minecraft:leather_leggings":1,"minecraft:player_head":1,"minecraft:stone_sword":1,"minecraft:elytra":1,"minecraft:leather_boots":1},"minecraft:custom":{"minecraft:open_enderchest":2,"minecraft:time_since_rest":94,"minecraft:damage_taken":6978,"minecraft:crouch_one_cm":1040,"minecraft:play_time":10512,"minecraft:sprint_one_cm":4572,"minecraft:walk_one_cm":47290,"minecraft:damage_absorbed":3703,"minecraft:deaths":2,"minecraft:sneak_time":1676,"minecraft:drop":5,"minecraft:aviate_one_cm":479323,"minecraft:jump":171,"minecraft:damage_dealt":2567,"minecraft:leave_game":2,"minecraft:time_since_death":51,"minecraft:total_world_time":10512,"minecraft:damage_resisted":10380,"minecraft:damage_dealt_absorbed":184,"minecraft:fall_one_cm":24641,"minecraft:fly_one_cm":14929}},"DataVersion":3465}