{"stats":{"minecraft:custom":{"minecraft:interact_with_furnace":13,"minecraft:leave_game":18,"minecraft:time_since_death":6978,"minecraft:damage_resisted":58369,"minecraft:time_since_rest":7010,"minecraft:walk_one_cm":551010,"minecraft:sprint_one_cm":455065,"minecraft:open_enderchest":18,"minecraft:damage_taken":262108,"minecraft:damage_absorbed":47266,"minecraft:trigger_trapped_chest":4,"minecraft:drop":218,"minecraft:damage_dealt":157726,"minecraft:damage_dealt_absorbed":37084,"minecraft:fly_one_cm":2272963,"minecraft:player_kills":4,"minecraft:open_chest":34,"minecraft:crouch_one_cm":28416,"minecraft:play_time":578329,"minecraft:deaths":12,"minecraft:sneak_time":9783,"minecraft:walk_under_water_one_cm":1131,"minecraft:aviate_one_cm":3422939,"minecraft:jump":4311,"minecraft:walk_on_water_one_cm":4579,"minecraft:total_world_time":578329,"minecraft:fall_one_cm":234949},"minecraft:picked_up":{"minecraft:lingering_potion":24,"minecraft:blue_candle":1,"minecraft:barrier":1,"minecraft:cooked_beef":16,"minecraft:feather":1,"minecraft:purple_wool":2,"minecraft:splash_potion":135,"minecraft:leather_leggings":14,"minecraft:yellow_dye":1,"minecraft:beacon":213,"minecraft:ice":1,"minecraft:magenta_dye":1,"minecraft:yellow_glazed_terracotta":77,"minecraft:golden_sword":4,"minecraft:string":8,"minecraft:elytra":28,"minecraft:leather_boots":14,"minecraft:mycelium":4,"minecraft:cobweb":937,"minecraft:player_head":101,"minecraft:enchanted_golden_apple":790,"minecraft:iron_sword":12,"minecraft:lime_glazed_terracotta":1172,"minecraft:book":1,"minecraft:lime_wool":414,"minecraft:gray_glazed_terracotta":15,"minecraft:cyan_glazed_terracotta":14,"minecraft:light_blue_glazed_terracotta":21,"minecraft:soul_torch":1,"minecraft:netherite_pickaxe":3,"minecraft:firework_rocket":2249,"minecraft:tube_coral":1,"minecraft:shears":8,"minecraft:diamond_axe":2,"minecraft:golden_apple":255,"minecraft:totem_of_undying":2132,"minecraft:white_shulker_box":1,"minecraft:blaze_powder":1,"minecraft:diamond_pickaxe":9},"minecraft:dropped":{"minecraft:iron_sword":2,"minecraft:netherite_pickaxe":2,"minecraft:light_blue_glazed_terracotta":21,"minecraft:diamond_axe":2,"minecraft:player_head":597,"minecraft:cooked_beef":16,"minecraft:cyan_glazed_terracotta":14,"minecraft:gray_glazed_terracotta":12,"minecraft:lime_wool":132,"minecraft:feather":1,"minecraft:barrier":1,"minecraft:rotten_flesh":1,"minecraft:blue_concrete":5,"minecraft:enchanted_golden_apple":167,"minecraft:white_shulker_box":1,"minecraft:totem_of_undying":1607,"minecraft:elytra":3,"minecraft:shears":1,"minecraft:golden_apple":63,"minecraft:cobweb":266,"minecraft:lime_glazed_terracotta":490,"minecraft:ice":1,"minecraft:lingering_potion":24,"minecraft:hopper":2,"minecraft:yellow_glazed_terracotta":77,"minecraft:leather_boots":5,"minecraft:chest":1,"minecraft:golden_sword":3,"minecraft:leather_leggings":3,"minecraft:beacon":24,"minecraft:cyan_concrete":1,"minecraft:purple_wool":2,"minecraft:string":8,"minecraft:pink_glazed_terracotta":12,"minecraft:splash_potion":72,"minecraft:firework_rocket":2716},"minecraft:killed_by":{"minecraft:player":12},"minecraft:mined":{"minecraft:yellow_terracotta":7,"minecraft:beacon":13,"minecraft:blue_concrete":6,"minecraft:lime_wool":21,"minecraft:hopper":2,"minecraft:purple_wool":1,"minecraft:cyan_concrete":7,"minecraft:yellow_concrete":20,"minecraft:cobweb":29,"minecraft:pink_glazed_terracotta":12,"minecraft:tripwire":1,"minecraft:emerald_block":582},"minecraft:used":{"minecraft:leather_leggings":1,"minecraft:lime_wool":67,"minecraft:oak_sign":1,"minecraft:chest":33,"minecraft:iron_sword":2324,"minecraft:leather_boots":1,"minecraft:golden_apple":3,"minecraft:yellow_terracotta":8,"minecraft:yellow_concrete":22,"minecraft:gray_concrete":4,"minecraft:lingering_potion":15,"minecraft:shears":33,"minecraft:blue_concrete":5,"minecraft:diamond_pickaxe":655,"minecraft:firework_rocket":218,"minecraft:light_gray_concrete":2,"minecraft:cyan_concrete":6,"minecraft:totem_of_undying":498,"minecraft:trapped_chest":2,"minecraft:gray_wool":1,"minecraft:purple_wool":2,"minecraft:enchanted_golden_apple":83,"minecraft:splash_potion":18,"minecraft:cobweb":117}},"DataVersion":3465}