{"stats":{"minecraft:picked_up":{"minecraft:lime_wool":4,"minecraft:white_glazed_terracotta":18,"minecraft:string":2,"minecraft:golden_apple":108,"minecraft:player_head":21,"minecraft:enchanted_golden_apple":2},"minecraft:custom":{"minecraft:time_since_rest":190192,"minecraft:damage_absorbed":884,"minecraft:sprint_one_cm":967293,"minecraft:open_enderchest":15,"minecraft:damage_taken":8747,"minecraft:walk_one_cm":549099,"minecraft:drop":21,"minecraft:damage_dealt":3147,"minecraft:damage_dealt_absorbed":1877,"minecraft:player_kills":1,"minecraft:fly_one_cm":773436,"minecraft:crouch_one_cm":19725,"minecraft:play_time":190192,"minecraft:sneak_time":4194,"minecraft:aviate_one_cm":2696252,"minecraft:jump":2008,"minecraft:leave_game":5,"minecraft:time_since_death":190192,"minecraft:damage_resisted":1242,"minecraft:total_world_time":190192,"minecraft:fall_one_cm":141017},"minecraft:dropped":{"minecraft:diamond_axe":2,"minecraft:player_head":30,"minecraft:gray_glazed_terracotta":56,"minecraft:yellow_glazed_terracotta":38,"minecraft:brown_glazed_terracotta":20,"minecraft:green_glazed_terracotta":21,"minecraft:blue_glazed_terracotta":33,"minecraft:string":2,"minecraft:pink_glazed_terracotta":20,"minecraft:elytra":2,"minecraft:orange_glazed_terracotta":36},"minecraft:mined":{"minecraft:diamond_block":580,"minecraft:gray_glazed_terracotta":2808,"minecraft:yellow_glazed_terracotta":3238,"minecraft:white_glazed_terracotta":3708,"minecraft:oak_wood":51,"minecraft:brown_glazed_terracotta":1620,"minecraft:beacon":17,"minecraft:green_glazed_terracotta":421,"minecraft:cobweb":5,"minecraft:blue_glazed_terracotta":1761,"minecraft:red_glazed_terracotta":96,"minecraft:pink_glazed_terracotta":2068,"minecraft:emerald_block":157,"minecraft:orange_glazed_terracotta":1092},"minecraft:used":{"minecraft:leather_leggings":3,"minecraft:diamond_pickaxe":17549,"minecraft:firework_rocket":210,"minecraft:elytra":1,"minecraft:totem_of_undying":5,"minecraft:diamond_axe":41,"minecraft:leather_boots":1,"minecraft:golden_sword":94,"minecraft:golden_apple":20,"minecraft:shears":5,"minecraft:enchanted_golden_apple":2,"minecraft:cobweb":20}},"DataVersion":3465}