{"stats":{"minecraft:picked_up":{"minecraft:cooked_beef":32,"minecraft:splash_potion":5,"minecraft:leather_leggings":5,"minecraft:golden_sword":3,"minecraft:string":38,"minecraft:elytra":8,"minecraft:leather_boots":4,"minecraft:cobweb":125,"minecraft:player_head":789,"minecraft:enchanted_golden_apple":43,"minecraft:iron_sword":1,"minecraft:lime_glazed_terracotta":236,"minecraft:lime_wool":58,"minecraft:white_glazed_terracotta":874,"minecraft:gray_glazed_terracotta":13,"minecraft:netherite_pickaxe":3,"minecraft:oak_wood":199,"minecraft:firework_rocket":304,"minecraft:pink_glazed_terracotta":52,"minecraft:shears":1,"minecraft:diamond_axe":1,"minecraft:golden_apple":195,"minecraft:totem_of_undying":38,"minecraft:blaze_rod":1,"minecraft:diamond_pickaxe":2},"minecraft:custom":{"minecraft:leave_game":14,"minecraft:time_since_death":30855,"minecraft:damage_resisted":29823,"minecraft:time_since_rest":30888,"minecraft:damage_absorbed":9975,"minecraft:sprint_one_cm":965351,"minecraft:open_enderchest":72,"minecraft:damage_taken":78788,"minecraft:walk_one_cm":1842138,"minecraft:drop":171,"minecraft:damage_dealt":43631,"minecraft:damage_dealt_absorbed":16387,"minecraft:fly_one_cm":519714,"minecraft:player_kills":2,"minecraft:crouch_one_cm":21237,"minecraft:play_time":391436,"minecraft:deaths":3,"minecraft:sneak_time":14454,"minecraft:walk_under_water_one_cm":1359,"minecraft:aviate_one_cm":18807790,"minecraft:jump":2823,"minecraft:walk_on_water_one_cm":4044,"minecraft:total_world_time":391436,"minecraft:fall_one_cm":546448},"minecraft:dropped":{"minecraft:netherite_pickaxe":2,"minecraft:diamond_axe":4,"minecraft:light_blue_glazed_terracotta":62,"minecraft:player_head":517,"minecraft:cooked_beef":80,"minecraft:blaze_rod":1,"minecraft:cyan_glazed_terracotta":7,"minecraft:gray_glazed_terracotta":133,"minecraft:lime_wool":119,"minecraft:enchanted_golden_apple":11,"minecraft:totem_of_undying":29,"minecraft:elytra":9,"minecraft:shears":1,"minecraft:golden_apple":65,"minecraft:cobweb":64,"minecraft:oak_wood":33,"minecraft:diamond_pickaxe":1,"minecraft:yellow_glazed_terracotta":29,"minecraft:leather_boots":2,"minecraft:golden_sword":2,"minecraft:leather_leggings":3,"minecraft:string":82,"minecraft:dark_prismarine":67,"minecraft:pink_glazed_terracotta":52,"minecraft:white_glazed_terracotta":1384,"minecraft:splash_potion":1,"minecraft:firework_rocket":96},"minecraft:killed_by":{"minecraft:player":3},"minecraft:used":{"minecraft:lime_wool":119,"minecraft:iron_sword":778,"minecraft:beacon":5,"minecraft:diamond_axe":290,"minecraft:golden_apple":120,"minecraft:shears":37,"minecraft:diamond_pickaxe":3329,"minecraft:firework_rocket":1477,"minecraft:totem_of_undying":55,"minecraft:golden_sword":77,"minecraft:diamond_sword":19,"minecraft:netherite_pickaxe":19796,"minecraft:enchanted_golden_apple":54,"minecraft:splash_potion":18,"minecraft:cobweb":102},"minecraft:mined":{"minecraft:purple_glazed_terracotta":3240,"minecraft:dark_prismarine":2755,"minecraft:cyan_glazed_terracotta":1863,"minecraft:gray_glazed_terracotta":2139,"minecraft:oak_wood":290,"minecraft:beacon":71,"minecraft:light_blue_glazed_terracotta":2430,"minecraft:lime_wool":22,"minecraft:lime_glazed_terracotta":4363,"minecraft:diamond_block":1303,"minecraft:yellow_glazed_terracotta":1309,"minecraft:white_glazed_terracotta":2430,"minecraft:cobweb":88,"minecraft:pink_glazed_terracotta":1152,"minecraft:emerald_block":139}},"DataVersion":3465}