{"stats":{"minecraft:used":{"minecraft:firework_rocket":1,"minecraft:diamond_axe":24},"minecraft:custom":{"minecraft:jump":104,"minecraft:time_since_rest":4713,"minecraft:leave_game":1,"minecraft:crouch_one_cm":191,"minecraft:sprint_one_cm":15417,"minecraft:play_time":4713,"minecraft:time_since_death":4713,"minecraft:walk_one_cm":23784,"minecraft:sneak_time":73,"minecraft:total_world_time":4713,"minecraft:fall_one_cm":4486,"minecraft:fly_one_cm":37483,"minecraft:aviate_one_cm":22439},"minecraft:mined":{"minecraft:oak_wood":24}},"DataVersion":3465}