{"stats":{"minecraft:picked_up":{"minecraft:cooked_beef":96,"minecraft:splash_potion":13,"minecraft:light_gray_shulker_box":5,"minecraft:leather_leggings":5,"minecraft:beacon":4,"minecraft:golden_sword":2,"minecraft:string":12,"minecraft:elytra":8,"minecraft:leather_boots":5,"minecraft:cobweb":29,"minecraft:player_head":11,"minecraft:enchanted_golden_apple":6,"minecraft:lime_shulker_box":1,"minecraft:lime_wool":130,"minecraft:gray_glazed_terracotta":438,"minecraft:villager_spawn_egg":1,"minecraft:netherite_pickaxe":1,"minecraft:stone_sword":1,"minecraft:firework_rocket":306,"minecraft:diamond_axe":2,"minecraft:golden_apple":149,"minecraft:totem_of_undying":8,"minecraft:diamond_pickaxe":3},"minecraft:custom":{"minecraft:leave_game":12,"minecraft:time_since_death":79681,"minecraft:damage_resisted":30328,"minecraft:time_since_rest":79712,"minecraft:damage_absorbed":7796,"minecraft:sprint_one_cm":373053,"minecraft:open_enderchest":30,"minecraft:damage_taken":24118,"minecraft:walk_one_cm":646596,"minecraft:drop":325,"minecraft:damage_dealt":9406,"minecraft:damage_dealt_absorbed":2559,"minecraft:fly_one_cm":1011946,"minecraft:player_kills":3,"minecraft:crouch_one_cm":4090,"minecraft:play_time":247603,"minecraft:deaths":6,"minecraft:sneak_time":4437,"minecraft:aviate_one_cm":4195256,"minecraft:jump":1943,"minecraft:walk_on_water_one_cm":19684,"minecraft:total_world_time":247603,"minecraft:fall_one_cm":166021},"minecraft:broken":{"minecraft:golden_sword":1},"minecraft:dropped":{"minecraft:netherite_pickaxe":2,"minecraft:diamond_axe":9,"minecraft:player_head":120,"minecraft:cooked_beef":80,"minecraft:stone_sword":1,"minecraft:gray_glazed_terracotta":1,"minecraft:lime_shulker_box":2,"minecraft:lime_wool":66,"minecraft:enchanted_golden_apple":20,"minecraft:villager_spawn_egg":1,"minecraft:totem_of_undying":2,"minecraft:elytra":14,"minecraft:golden_apple":134,"minecraft:cobweb":64,"minecraft:lime_glazed_terracotta":8,"minecraft:oak_wood":7,"minecraft:diamond_pickaxe":3,"minecraft:light_gray_shulker_box":1,"minecraft:leather_boots":6,"minecraft:golden_sword":4,"minecraft:leather_leggings":5,"minecraft:string":2,"minecraft:dark_prismarine":2,"minecraft:splash_potion":3,"minecraft:firework_rocket":386},"minecraft:killed_by":{"minecraft:player":6},"minecraft:used":{"minecraft:lime_wool":57,"minecraft:elytra":2,"minecraft:iron_sword":14,"minecraft:beacon":4,"minecraft:diamond_axe":2,"minecraft:golden_apple":37,"minecraft:diamond_pickaxe":3413,"minecraft:firework_rocket":557,"minecraft:totem_of_undying":6,"minecraft:golden_sword":457,"minecraft:netherite_pickaxe":291,"minecraft:enchanted_golden_apple":56,"minecraft:splash_potion":7,"minecraft:cobweb":53},"minecraft:mined":{"minecraft:purple_glazed_terracotta":832,"minecraft:dark_prismarine":706,"minecraft:cyan_glazed_terracotta":330,"minecraft:gray_glazed_terracotta":523,"minecraft:oak_wood":1,"minecraft:beacon":5,"minecraft:light_blue_glazed_terracotta":810,"minecraft:lime_wool":9,"minecraft:lime_glazed_terracotta":8,"minecraft:diamond_block":23,"minecraft:yellow_glazed_terracotta":438,"minecraft:cobweb":33,"minecraft:pink_glazed_terracotta":33}},"DataVersion":3465}