{"stats":{"minecraft:used":{"minecraft:firework_rocket":15,"minecraft:splash_potion":3},"minecraft:picked_up":{"minecraft:splash_potion":3,"minecraft:elytra":1},"minecraft:custom":{"minecraft:jump":95,"minecraft:time_since_rest":15326,"minecraft:open_enderchest":2,"minecraft:crouch_one_cm":181,"minecraft:sprint_one_cm":10854,"minecraft:leave_game":2,"minecraft:play_time":15326,"minecraft:walk_on_water_one_cm":8432,"minecraft:time_since_death":15326,"minecraft:walk_one_cm":157886,"minecraft:sneak_time":31,"minecraft:walk_under_water_one_cm":2786,"minecraft:total_world_time":15326,"minecraft:fall_one_cm":5786,"minecraft:fly_one_cm":13519,"minecraft:aviate_one_cm":191430}},"DataVersion":3465}