{"stats":{"minecraft:picked_up":{"minecraft:oak_wood":21,"minecraft:oak_sign":4,"minecraft:diamond_axe":2,"minecraft:player_head":46},"minecraft:custom":{"minecraft:time_since_rest":148082,"minecraft:damage_absorbed":2678,"minecraft:sprint_one_cm":355729,"minecraft:open_enderchest":22,"minecraft:damage_taken":4708,"minecraft:walk_one_cm":190754,"minecraft:trigger_trapped_chest":4,"minecraft:drop":12,"minecraft:damage_dealt":7936,"minecraft:damage_dealt_absorbed":2081,"minecraft:fly_one_cm":763086,"minecraft:open_chest":27,"minecraft:crouch_one_cm":1645,"minecraft:play_time":148082,"minecraft:sneak_time":1231,"minecraft:aviate_one_cm":2599611,"minecraft:jump":1575,"minecraft:leave_game":8,"minecraft:walk_on_water_one_cm":415,"minecraft:time_since_death":148082,"minecraft:total_world_time":148082,"minecraft:damage_resisted":8878,"minecraft:fall_one_cm":89697},"minecraft:dropped":{"minecraft:diamond_axe":2,"minecraft:player_head":58,"minecraft:string":3,"minecraft:oak_sign":4,"minecraft:shears":1},"minecraft:used":{"minecraft:firework_rocket":170,"minecraft:lime_wool":4,"minecraft:oak_sign":4,"minecraft:chest":4,"minecraft:diamond_axe":183,"minecraft:golden_sword":211,"minecraft:golden_apple":78,"minecraft:netherite_pickaxe":3897,"minecraft:gray_concrete":1,"minecraft:shears":5,"minecraft:enchanted_golden_apple":21,"minecraft:splash_potion":4,"minecraft:cobweb":28},"minecraft:mined":{"minecraft:gray_concrete":1,"minecraft:diamond_block":512,"minecraft:cyan_glazed_terracotta":1215,"minecraft:white_glazed_terracotta":1620,"minecraft:oak_wood":183,"minecraft:beacon":2,"minecraft:cobweb":7,"minecraft:lime_wool":1,"minecraft:emerald_block":549}},"DataVersion":3465}