{"stats":{"minecraft:custom":{"minecraft:leave_game":17,"minecraft:time_since_death":454389,"minecraft:damage_resisted":53058,"minecraft:time_since_rest":454389,"minecraft:damage_absorbed":10465,"minecraft:sprint_one_cm":1085345,"minecraft:open_enderchest":28,"minecraft:damage_taken":46649,"minecraft:walk_one_cm":3453520,"minecraft:drop":286,"minecraft:damage_dealt":49608,"minecraft:damage_dealt_absorbed":12327,"minecraft:fly_one_cm":687120,"minecraft:player_kills":3,"minecraft:crouch_one_cm":12948,"minecraft:play_time":454389,"minecraft:sneak_time":3061,"minecraft:walk_under_water_one_cm":2418,"minecraft:aviate_one_cm":15871382,"minecraft:jump":2846,"minecraft:walk_on_water_one_cm":19503,"minecraft:total_world_time":454389,"minecraft:fall_one_cm":800328},"minecraft:picked_up":{"minecraft:yellow_shulker_box":7,"minecraft:cooked_beef":80,"minecraft:splash_potion":7,"minecraft:tripwire_hook":16,"minecraft:leather_leggings":4,"minecraft:beacon":3,"minecraft:yellow_glazed_terracotta":119,"minecraft:golden_sword":2,"minecraft:string":19,"minecraft:elytra":6,"minecraft:leather_boots":5,"minecraft:cobweb":26,"minecraft:player_head":5631,"minecraft:enchanted_golden_apple":45,"minecraft:iron_sword":1,"minecraft:lime_glazed_terracotta":73,"minecraft:lime_shulker_box":1,"minecraft:lime_wool":1,"minecraft:white_glazed_terracotta":179,"minecraft:gray_glazed_terracotta":337,"minecraft:cyan_glazed_terracotta":229,"minecraft:diamond_block":8,"minecraft:netherite_pickaxe":1,"minecraft:stone_sword":1,"minecraft:oak_wood":878,"minecraft:firework_rocket":1109,"minecraft:blue_glazed_terracotta":42,"minecraft:pink_glazed_terracotta":69,"minecraft:shears":1,"minecraft:diamond_axe":1,"minecraft:golden_apple":536,"minecraft:totem_of_undying":12,"minecraft:diamond_pickaxe":1},"minecraft:dropped":{"minecraft:red_glazed_terracotta":24,"minecraft:netherite_pickaxe":1,"minecraft:emerald_block":3,"minecraft:diamond_block":169,"minecraft:diamond_axe":3,"minecraft:player_head":2718,"minecraft:cooked_beef":112,"minecraft:stone_sword":2,"minecraft:cyan_glazed_terracotta":13,"minecraft:gray_glazed_terracotta":114,"minecraft:lime_shulker_box":2,"minecraft:lime_wool":1726,"minecraft:enchanted_golden_apple":45,"minecraft:cyan_shulker_box":1,"minecraft:totem_of_undying":7,"minecraft:elytra":9,"minecraft:shears":1,"minecraft:golden_apple":559,"minecraft:brown_shulker_box":1,"minecraft:deepslate_bricks":6,"minecraft:cobweb":145,"minecraft:oak_wood":151,"minecraft:diamond_pickaxe":2,"minecraft:yellow_glazed_terracotta":4,"minecraft:light_gray_shulker_box":5,"minecraft:leather_boots":6,"minecraft:yellow_shulker_box":27,"minecraft:golden_sword":2,"minecraft:leather_leggings":5,"minecraft:green_glazed_terracotta":55,"minecraft:blue_glazed_terracotta":42,"minecraft:beacon":4,"minecraft:string":60,"minecraft:dark_prismarine":2,"minecraft:pink_glazed_terracotta":215,"minecraft:splash_potion":13,"minecraft:white_glazed_terracotta":66,"minecraft:firework_rocket":818},"minecraft:mined":{"minecraft:purple_glazed_terracotta":6400,"minecraft:dark_prismarine":5378,"minecraft:cyan_glazed_terracotta":4712,"minecraft:gray_glazed_terracotta":2145,"minecraft:oak_wood":47,"minecraft:beacon":26,"minecraft:light_blue_glazed_terracotta":5120,"minecraft:deepslate_bricks":6,"minecraft:lime_wool":14,"minecraft:red_glazed_terracotta":70,"minecraft:lime_glazed_terracotta":2290,"minecraft:diamond_block":7297,"minecraft:yellow_glazed_terracotta":2509,"minecraft:white_glazed_terracotta":3343,"minecraft:green_glazed_terracotta":103,"minecraft:cobweb":41,"minecraft:pink_glazed_terracotta":2514,"minecraft:emerald_block":15168},"minecraft:used":{"minecraft:leather_leggings":8,"minecraft:lime_wool":16,"minecraft:elytra":9,"minecraft:iron_sword":585,"minecraft:diamond_axe":47,"minecraft:leather_boots":7,"minecraft:golden_apple":97,"minecraft:diamond_pickaxe":23805,"minecraft:firework_rocket":1497,"minecraft:totem_of_undying":6,"minecraft:golden_sword":390,"minecraft:diamond_sword":62,"minecraft:netherite_pickaxe":33258,"minecraft:enchanted_golden_apple":82,"minecraft:splash_potion":26,"minecraft:cobweb":9}},"DataVersion":3465}