{
  "minecraft:recipes/misc/charcoal": {
    "criteria": {
      "has_log": "2024-06-16 23:45:30 -0400"
    },
    "done": true
  },
  "minecraft:recipes/decorations/crafting_table": {
    "criteria": {
      "unlock_right_away": "2024-06-16 23:43:34 -0400"
    },
    "done": true
  },
  "minecraft:end/elytra": {
    "criteria": {
      "elytra": "2024-06-16 23:45:47 -0400"
    },
    "done": true
  },
  "minecraft:adventure/root": {
    "criteria": {
      "killed_by_something": "2024-06-16 23:44:55 -0400"
    },
    "done": true
  },
  "minecraft:recipes/building_blocks/oak_planks": {
    "criteria": {
      "has_logs": "2024-06-16 23:45:30 -0400"
    },
    "done": true
  },
  "minecraft:adventure/adventuring_time": {
    "criteria": {
      "minecraft:desert": "2024-06-16 23:43:38 -0400",
      "minecraft:plains": "2024-06-16 23:43:56 -0400"
    },
    "done": false
  },
  "DataVersion": 3465
}