{
  "minecraft:recipes/decorations/crafting_table": {
    "criteria": {
      "unlock_right_away": "2024-06-24 13:41:10 -0600"
    },
    "done": true
  },
  "minecraft:adventure/adventuring_time": {
    "criteria": {
      "minecraft:desert": "2024-06-24 13:41:11 -0600",
      "minecraft:plains": "2024-06-24 13:41:28 -0600"
    },
    "done": false
  },
  "minecraft:adventure/root": {
    "criteria": {
      "killed_by_something": "2024-06-24 14:06:07 -0600"
    },
    "done": true
  },
  "DataVersion": 3465
}